date,close,high,low,open,volume,adjClose,adjHigh,adjLow,adjOpen,adjVolume,divCash,splitFactor
2017-01-03,197.7758080907642,199.059074817935,195.12269695077532,196.44098656733652,8408766.399729423,73.16119879138286,73.93697156731216,72.22471215219082,72.9714809418161,14714247.280154027,0.0,1.0
2017-01-04,198.8589645143736,200.06196378395265,197.12971566239986,198.36281715058803,7685855.153501926,74.18066166886379,74.63887577737388,73.09297735233439,73.47520391579141,12400983.389114372,0.0,1.0
2017-01-05,200.331131209827,200.9322212872231,197.96618776485153,198.618687669252,7765184.462483089,74.74528768627363,75.28161092722453,73.6594271620538,74.07477609291644,12476423.921948176,0.0,1.0
2017-01-06,202.76710997779284,203.79230669745522,199.48763948138324,200.66338328843958,9732047.424185658,75.42155592605815,76.02623084356655,74.29372207484873,74.92854478052884,15995174.409511914,0.044328233947341034,1.0
2017-01-09,203.02519097261393,204.00779532851433,201.6251857788455,202.84326360703514,7744334.63627849,75.4963944607116,76.0003662912569,74.88672847903555,75.44096646898191,12507411.682589239,0.0,1.0
2017-01-10,202.79350711710958,204.0624093884736,201.78523051887268,203.035180579265,6977994.257050683,75.48474779041963,76.18657373935446,74.89675471643507,75.4935892448533,11337176.84712249,0.0,1.0
2017-01-11,203.8345478139404,204.1054178505086,201.75634013629823,202.91962326210194,7337425.036528256,75.97694999947714,76.26822555057426,75.13385417787418,75.58899599709515,11775389.770423563,0.0,1.0
2017-01-12,203.49995107202355,204.01296330136003,201.4687657172038,203.37575087988063,6647490.714642523,75.77756120960034,76.18096854859068,75.02669638437636,75.75708650667966,11269294.827661572,0.0,1.0
2017-01-13,204.62378394092065,205.6031097735293,203.62380998725587,204.00193255741002,7747217.32563222,76.64998103035913,77.12216424374412,75.93786033953558,76.12115552964677,12023901.78187116,0.0,1.0
2017-01-17,204.26905819787584,205.1638375248841,202.6438337411401,204.25956187295571,6998812.933499846,76.80651512007064,77.33748906119186,75.90537172115978,76.48629636993066,11952984.353834948,0.0,1.0
2017-01-18,204.53306379823414,205.02709645655895,203.0408975582508,204.66994070385977,6642230.456030805,76.85501152030378,77.29161616696257,76.1813964858257,76.98386519954803,10717283.186595898,0.0,1.0
2017-01-19,204.2829690876021,206.38956879620866,203.79890394228164,205.17212717244246,6780739.8475387655,77.24837967543935,78.17406146864718,76.90043333013367,77.60906558689767,10310682.3048184,0.0,1.0
2017-01-20,204.96174524658784,205.80123684965196,203.96421610192414,205.35564261120555,7568508.129670103,77.37727976536111,78.02667677330061,76.98599673827682,77.63626793588011,12830389.160162346,0.0,1.0
2017-01-23,207.61347280917772,208.25271308486404,204.50095670675688,205.4093974418374,6912278.984493704,77.72757051060962,78.1971978481152,77.0463314487085,77.44688357651732,14302393.29212197,0.0,1.0
2017-01-24,208.739451573269,209.4241998954342,206.87613277595514,208.12918617768597,7805555.720886668,78.15309169560058,78.55894399643537,77.3861295156573,77.92601357927784,13330312.875637427,0.0,1.0
2017-01-25,210.84677491209393,211.29210502991552,208.61925276447522,209.75914349579287,8105868.769382871,78.72853166199579,79.16657734467853,78.02774902885135,78.5088756778192,13879376.3304194,0.0,1.0
2017-01-26,211.9020948897104,213.49137379080523,209.95542055680195,212.17326774848863,10154632.229056092,80.08034894189856,80.95060249986719,79.17116134942705,79.94164248117822,21374073.529295452,0.0,1.0
2017-01-27,210.13772192735976,214.11997317292293,208.56349254356067,212.3711572503503,7784817.216255592,79.86798461392776,80.8199803807936,78.85365609632144,80.25048857271565,18703105.085752938,0.0,1.0
2017-01-30,206.58032156577556,209.0168226643131,205.02442917322685,208.6456873725433,7730492.427724008,79.48994049026902,79.9316823108733,78.43041329808166,79.67003961567673,18655982.261629727,0.0,1.0
2017-01-31,205.682669370526,206.6247211918471,204.01208795339295,205.46969819960458,7966062.931210325,79.2736741771012,79.70344671019762,78.68259617972136,79.17245396535685,15107478.911437197,0.0,1.0
2017-02-01,205.83198149119843,207.51489542992587,204.17180665123266,206.60576958519644,14188761.341242585,79.91283850593256,80.5029402463182,78.88277722133623,79.73283429916758,21444795.595795613,0.0,1.0
2017-02-02,205.45927981856713,207.64571436419365,204.14190904941694,205.55131437919553,13556933.198876059,79.14197779093168,80.52266495362649,78.84817426796423,79.83542572931408,19123080.439379755,0.0,1.0
2017-02-03,206.10108650079692,207.57690810310842,205.48181289537877,206.42356226598426,7825436.321781662,79.41624773940919,80.12120186106495,79.00841081614396,79.43606634755994,12863115.006764494,0.0,1.0
2017-02-06,206.1535393862804,206.6650171810884,204.2725874758921,205.92240088192975,6124104.808825062,79.37133785258071,79.81364536558475,78.58231471642918,79.34685575142686,10435044.260380896,0.0,1.0
2017-02-07,207.36297740925565,208.38239045370904,205.92886173041333,206.74153293787074,6458681.827453431,79.59447340649633,80.1715804356861,79.07699120680897,79.52766774309116,11440637.642834842,0.0,1.0
2017-02-08,208.05396192814464,209.2892584882759,206.54498951033125,207.7190134055409,7854357.872515351,80.13024704279782,80.79652507436262,79.43461507149803,79.88813028462485,12065448.200333025,0.0,1.0
2017-02-09,208.43093347659604,208.9907493110949,207.02211154464135,208.445474040571,5991462.418565928,80.38617268526173,80.75144914717465,79.69593742351697,80.33503490013034,9744129.154750757,0.0,1.0
2017-02-10,209.5211665971962,210.2232870380816,208.16796403565567,209.01624935538013,6344511.635029662,80.77956927118227,81.22283430066287,80.13665193773485,80.62734185979915,10632859.682485173,0.0,1.0
2017-02-13,210.10585492379738,211.0542474852906,209.07774782700494,209.9744125163586,7276228.325736289,80.64954197870564,81.29317070637128,80.19557475656356,80.91715766819736,11940379.258195447,0.0,1.0
2017-02-14,210.0040545322094,210.94081932054058,208.64015818116027,210.0416671966988,7253893.6914351145,80.37721760605622,81.02049811057196,79.75536991303349,80.61002995526113,11511329.318451455,0.0,1.0
2017-02-15,210.03968469193185,210.91677541887813,209.0393751299187,209.66373922220396,6488212.188365076,80.70987196548923,81.00098481307195,79.94506481221396,80.28612772210256,11100496.639608704,0.0,1.0
2017-02-16,210.84461131740304,211.23941148535425,209.29513591424708,209.91799666591416,5731436.449370382,80.7764732700177,81.14675660575058,80.06782470201152,80.49189758624355,9690846.702674577,0.0,1.0
2017-02-17,211.65324277771612,212.06595182132108,209.75817974040348,210.53270581214753,6762869.2665209705,80.9596831655933,81.36831680124988,80.16553600166405,80.6782416676752,12076063.389946925,0.0,1.0
2017-02-21,210.693700703075,211.42534083405798,209.5978239247662,210.24213653478705,6446079.213966073,81.06168011381645,81.47539008312675,80.49814105416961,80.98868060900499,10466144.477781247,0.0,1.0410032261421585
2017-02-22,211.28860129577214,211.97401808865052,209.81401171867756,210.2163315583467,8057483.508169427,81.54452166976604,81.90456251739772,80.67545026644206,80.95547769458042,11622348.837548139,0.0,1.0
2017-02-23,210.8784275313692,211.75321780888103,208.9370423677484,211.32666874223676,7075679.0280986605,81.1177154394798,81.81886647818214,80.52861255248355,81.69516323100154,11609656.854095118,0.0,1.0
2017-02-24,210.59602770175434,210.91245499011347,209.0044514125704,209.98246956753698,5587433.46352378,81.2541934461322,81.55020927475319,80.4541059757608,80.79947113967393,9916081.24477053,0.0,1.0
2017-02-27,210.91043082283394,211.5110619874317,209.32787803488725,209.95416693458873,5721067.606202519,81.40024002047143,81.86488300484162,80.79322728505434,81.18786270270971,9109038.471224893,0.0034280362160474557,1.0
2017-02-28,209.47952022981636,210.95123011615755,208.57734775487677,210.4516473925723,6451147.678426476,80.78970896106506,81.61223671791153,80.44480598484867,81.43889328658919,12040409.568945782,0.0,1.0
2017-03-01,212.1266718914323,212.68682122478154,210.20005621281362,210.9368966710058,6735491.616505361,81.62191700839244,82.04829125882797,80.95523923765883,81.3776512714817,12078862.675512543,0.0,1.0
2017-03-02,210.63438236150424,212.1838913712308,210.0826517000893,211.8468331966029,5287056.902383182,81.01155077085633,81.79282822265823,80.69287163643767,81.5325777920384,8800300.623061717,0.0,1.0
2017-03-03,210.4888302458589,211.1263633052346,209.19896139811254,210.46736601103132,5306584.822354044,81.0354351387159,81.42103892662941,80.41604189737414,80.98400575026447,8411424.674575921,0.0,1.0
2017-03-06,210.522410236525,211.0495181833062,208.93118604627082,210.11534854292077,5772384.891247791,81.31561762248501,81.67537824201773,80.66704630268384,81.05741319260164,9188536.374232491,0.0,1.0
2017-03-07,211.03964615149238,211.9918826555554,209.81112916912866,210.4307524389799,5862942.607867625,81.26226778388036,81.96374565477208,80.92841684859897,81.32416875932707,9196760.133104382,0.016541783744406287,1.0
2017-03-08,211.49220939284493,212.458419194217,210.7243799146633,211.3269091341128,5179878.306587574,81.27930453332642,81.82430852281321,81.01649849914442,81.33273646031823,8457380.838796962,0.0028847955042147987,1.0
2017-03-09,212.22374438691256,213.13796557975311,211.04261265674006,211.55490685815386,5750929.808720991,81.43582078154978,81.92582604238837,81.05230500673837,81.34576930111065,9915097.720262256,0.0,1.0
2017-03-10,213.01372255758633,213.88400366661034,212.0905359616866,213.41277240087416,6094776.6711416375,81.61773221796973,82.17683844095971,81.33194469541637,81.95487919497991,10864212.816213965,0.0,1.0
2017-03-13,213.9693422949,214.59029554656277,212.778450437202,213.00961388813346,4996314.422936831,82.15737365975997,82.39715773109546,81.50107961589592,81.66807324118025,8772191.34644604,0.003122073056509523,1.0
2017-03-14,214.0328150750179,214.56971642138402,212.74817413229593,213.62869184557738,4857437.568425436,82.11057391084097,82.43003428787505,81.68916205473641,82.06498524020965,7797091.078259964,0.0,1.0
2017-03-15,214.82347384405676,215.32255228697443,212.9448011355703,214.48431888903872,7053870.730669166,82.55680513802893,82.87770868142206,81.78840648103021,82.30873102873016,11401904.375169111,0.0,1.0
2017-03-16,214.85593712288926,215.85598603342982,214.22624581968827,215.2399677366411,5622761.810073889,82.35941318585418,83.02499291979251,82.17479941124297,82.7245481834116,8961338.44447914,0.0,1.0
2017-03-17,215.43335935448349,216.07107502413575,214.22549548074338,215.56306586218028,10018495.983765222,82.50886784697877,82.92884252290919,82.03907705522643,82.61210038539129,15751122.806119265,0.0,1.0
2017-03-20,214.78076906485094,215.43430648810002,213.76447913027044,215.04241646517252,5106967.433135603,82.48260831265009,82.84266391208847,82.01880813475599,82.54905650760215,9470690.593714226,0.0,1.0
2017-03-21,210.98669789708387,216.4225738554076,210.53188657049094,215.53521073799402,9684080.141638052,81.38502742824494,83.35305437821006,81.28937517797787,82.89987155805976,17463733.560308047,0.0,1.0
2017-03-22,211.21501508808242,212.40305338938663,209.95888953452305,210.9950921185911,6487020.464668541,81.70895023617703,82.06675252510425,80.9220611795459,81.40196129956637,10882925.350296598,0.0,1.0
2017-03-23,209.57844416111487,210.6831683876815,208.12628942004702,209.76482881020206,5608714.6894578,81.71527550971726,82.3437576804623,81.24177254006055,81.58356601355113,15922603.01269643,0.0,1.0
2017-03-24,209.30105007661123,211.09713113891593,207.98891041587655,210.21119991674473,6215795.681964827,82.01809348579383,82.6140717761875,81.64717510000935,82.03303985361245,12549128.132375896,0.0,1.0
2017-03-27,210.01435425316015,210.7241159349168,206.58509940730278,207.62244040300337,5513518.68487876,82.1247783375782,82.48866709018539,81.03033506977674,81.48953681230081,11435954.337496098,0.0,1.0
2017-03-28,210.84670309085232,211.90381879825773,208.74309603640782,210.1214840331422,6024361.145592675,82.66671817763604,83.03446578559641,81.81202895472994,82.13308218500087,10925092.712248933,0.0,1.0
2017-03-29,212.75639609475107,213.25862211734176,210.71141333075528,211.3099667056367,5798391.480278906,83.11220584639463,83.42221960164488,82.44711218793049,82.74316815842315,10799445.210531794,0.0,1.0
2017-03-30,213.09379226063672,213.64828161680174,211.9145832291525,212.99602978313635,5155734.635862214,83.45452374483963,83.70167342071495,82.75484555160698,83.09796561102036,8345585.382037674,0.0,1.0
2017-03-31,212.6756467720324,213.4257893854483,211.9550148915682,212.55899260528187,5808727.843063796,83.31429525722088,83.81411540764117,83.01757727163093,83.36753842571908,10313543.096263923,0.0,1.0
2017-04-03,213.99344573764995,214.85833488662055,211.81103319948414,212.63226140608535,6188712.1537100645,83.2975473639315,83.85274932570917,82.58266108134505,83.27600497459338,11933628.242376942,0.006458008117389947,1.0
2017-04-04,213.31127589300112,213.79895724309768,211.95543905397957,212.5953939073626,5136762.593193879,83.21945283905536,83.67973990942896,82.73201613866982,83.16190320353189,8940455.973150173,0.0,1.0
2017-04-05,212.58974192025124,215.49329211931143,212.104666978874,213.81868250648077,6964917.91653658,83.0267156654504,84.24453178465448,82.76304700407012,83.53303098047923,12392688.70163389,0.0,1.0
2017-04-06,212.08857217579686,213.7674097311814,211.2491110204212,212.67649493908726,6820476.529191382,83.12842773988127,83.56958014533603,82.55388202957913,83.09882590929742,11320799.936830059,0.044328233947341034,1.0
2017-04-07,211.2111333280181,212.51246281854398,210.21815279087744,212.10548029634106,5536384.894682068,82.71355278216689,83.48216958133132,82.46546147167422,83.20337092066708,9070794.099385994,0.0,1.0
2017-04-10,211.26422936248855,212.4343871922478,210.60813612819723,211.25701946479666,4737519.038401498,82.81163972235167,83.28104978801862,82.35750860151067,82.81067487779998,8032062.1935685305,0.0,1.0
2017-04-11,210.94438442932508,211.98759898061954,209.23454032821758,211.26859507487387,6513739.953064837,82.73612876590875,83.15415983205203,81.96611920254828,82.8690590665917,9844707.07909252,0.0,1.0
2017-04-12,211.10829532680063,211.94401521539945,210.15121967631282,210.6318951215932,5532680.622957643,82.69864267013423,83.23283556145151,82.36499745832757,82.69816319502793,8924767.269434907,0.0,1.0
2017-04-13,210.49009780364523,211.88995112577186,210.04040170623654,210.99827246840735,5278834.270995943,82.25420362620574,83.19163531664499,82.19643664925259,82.82508757507998,8802355.490685817,0.0,1.0
2017-04-17,213.7098262045999,214.0464314763084,210.76954940016208,211.0359319271835,6011721.317306694,83.29824372294323,83.59178766150684,82.45281691642948,82.64784186624604,9113576.019148715,0.0,1.0
2017-04-18,213.09269228897628,214.32363320773018,211.84270567757804,213.10945049576884,7880054.427099595,82.8111060436117,83.6457051126909,82.1472637519978,83.18222653282417,10770120.856696846,0.0,1.0
2017-04-19,213.71731811793387,215.11187700144882,212.64641015764116,213.84485795148785,7326281.491518369,83.1343416277129,83.98054181967109,82.50091842580846,83.12620746605458,10721628.878343219,0.0,1.0
2017-04-20,215.0060016767296,215.92566448509018,213.82708438841775,214.5681246573481,7472718.036007909,83.88630397181225,84.28995741042144,83.16515927781647,83.56586744623372,11024375.467790615,0.0,1.0
2017-04-21,215.13475595020677,215.87045063664712,214.1892631771974,215.15432511768626,7186750.358622125,84.04611492796754,84.46047993547252,83.44209354436443,83.97930813967334,11232551.662816111,0.0,1.0
2017-04-24,218.79320951047532,219.39604427437393,216.3649932548816,217.14596525060662,7211023.202622543,84.74094334660663,85.23237193963286,84.3013561462792,84.76659660128894,12179160.603808926,0.0,1.0
2017-04-25,221.5435602155994,222.44944011016918,219.01969486889652,219.73761266448938,9379073.021750443,86.0254757011195,86.49823654279481,85.00365330364849,85.30918469329954,15429246.531168696,0.0,1.0
2017-04-26,221.55190444519127,222.90303516179523,220.47691518368197,222.0672723546516,7735081.816005831,86.02619835433589,86.80029063264774,85.63436130634575,86.25589405681674,11949857.363513373,0.0,1.0
2017-04-27,222.5706285948113,223.15891006397885,221.06578571396992,221.94593715776105,6650088.24810074,86.70070931869849,87.06809712467754,85.87767436986061,86.26959623004447,12290989.319179937,0.0,1.0
2017-04-28,227.7375366921076,230.2374201502122,227.03557392753567,228.75493289867717,10279019.197002811,87.03545532959077,87.87923613545492,86.51969501206975,87.39116755156373,21216145.980226863,0.0,1.0
2017-05-01,229.541302935469,230.57929858393996,226.96119954015865,227.80875532579222,8752922.54365699,87.71677663285934,88.32339849879719,86.94132036538795,87.44977068004883,15700911.616401294,0.0,1.0
2017-05-02,229.95275576725385,231.2459574551106,228.20922579607273,229.35373399550096,7788606.4488500375,87.52027615848273,88.06759898011308,86.81547357941848,87.73622875133896,13036313.798834424,0.0,1.0
2017-05-03,230.45629828529385,232.12905711650103,227.80209263118735,229.76316370844654,9626050.380372567,86.40644951037592,87.87059630940564,85.89449650458974,87.57456091217308,15035349.107191175,0.0,1.0
2017-05-04,231.1353273205733,232.39437193134617,229.06459985430328,230.2225226544028,11708321.889686754,86.27528337833218,86.90854229626736,85.37031700514751,86.14386049356561,17216004.81153086,0.0,1.0
2017-05-05,231.34804454157558,233.093451756222,229.92345534394838,231.9032812774718,7367291.671141639,87.11303145992316,87.7033840743643,86.0921260841652,86.78530420402699,12849987.429701323,0.0,1.0
2017-05-08,232.09648664455628,233.1932532059369,229.90050785915457,230.95999272097487,7044209.801123947,86.69221188784078,87.44949628963201,86.1060848885997,87.06601262247854,12168148.754188783,0.0,1.0
2017-05-09,231.83886668360594,233.33283718123252,230.74918510699123,232.53614526109303,7150579.475908003,86.74643029975508,87.46141967202483,86.10046886812508,86.78529058883782,12262105.280466234,0.0,1.0
2017-05-10,232.22063065875741,233.0462930702149,230.3854511395567,232.05361641097704,7179872.33364554,87.5005348804869,87.98606007941336,86.39998189133047,87.06789556033665,10940174.913934857,0.0,1.0
2017-05-11,232.22861377825237,233.05763835743693,230.4686706648576,231.60599331632966,5750569.803101259,87.30346557030416,87.86557511685297,86.72929555484029,87.46780137863318,8772967.656571968,0.0,1.0
2017-05-12,232.28365596111047,233.07019098811253,231.24176814372765,232.60321259961393,4915690.343115831,87.32335288557901,87.8225624457794,86.89284719842705,87.50140949789017,8485720.1124987,0.0,1.0
2017-05-15,232.95890621824068,234.03395981770268,231.4898449409128,232.29272138957836,6444423.176813406,87.34573059210854,88.07816037595852,86.98696284115853,87.32041388977468,10368966.052034553,0.0,1.0
2017-05-16,233.65483609116453,234.4080847930702,232.52023624654794,233.66687374093158,6549524.301488187,87.21936385481227,87.87207509515667,86.85583205734267,87.5433052345272,9899601.632740144,0.0,1.0
2017-05-17,227.52607348053522,232.657545530232,227.00329727992184,231.9015683213654,10820660.737849932,84.5743129330727,86.82797180285502,84.381884882213,86.43987763216218,18333886.25705069,0.0,1.0
2017-05-18,230.20673224182477,231.20482882570064,227.1666993656752,227.73717139793615,8353487.171089601,85.81510389823082,86.33982695719062,84.39940593014273,84.6523017909408,13743653.363201166,0.0,1.0
2017-05-19,231.1738391052938,232.4690899292653,230.19594755692196,230.68642000352196,6592332.640857528,86.15627419334163,86.83515437216514,85.68908562803014,86.06331337951174,10903823.211780628,0.0,1.0
2017-05-22,232.85525442958087,233.30561703539175,231.26828910783973,231.59748362848975,5264633.347694869,86.51791604422479,86.94592572087524,86.08112383083267,86.36525737894347,9084789.699448436,0.0,1.0
2017-05-23,234.18898220999557,235.42893516688684,232.57434987306806,234.19977001115944,5910031.559787699,86.85578464480868,87.61840492787086,86.22020930196912,87.01323391030864,10312525.215110835,0.0,1.0
2017-05-24,236.4810240399626,236.85846603499954,234.2046979575879,235.1242501995568,6686658.665313768,88.14753951130564,88.50845223975506,86.80329673045294,87.16988430084452,10096500.116037048,0.0,1.0
2017-05-25,239.87695285282223,240.9579217167876,236.701165585565,237.22899885911454,8122924.903944219,89.37473348107503,89.95735425892434,88.37012302285454,88.66638898750111,13760010.492454987,0.0,1.0
2017-05-26,240.22169424110405,241.1168842601569,238.61236652943947,239.97355601990088,5686886.160786762,89.47235553288901,89.90975950785561,88.84963027849591,89.49952534135745,10229159.573837027,0.0,1.0
2017-05-30,240.99460091243017,241.57247215957793,239.52139192473444,240.10493806919783,6522889.379123737,89.68430458248586,90.15439320982931,89.11868525733158,89.54381549464398,11256533.703819336,0.0,1.0
2017-05-31,239.68337391640847,242.35856282507612,238.03555557605475,241.11735247429883,8352511.0400666045,89.85127040506576,90.55527708100611,89.03526225028027,89.90329807205786,14751995.77312936,0.0,1.0
2017-06-01,240.21703610810374,241.6196858700736,238.1101862740057,240.46698721306177,6160284.706525134,90.1237810477687,90.86427547790522,89.15343587724477,90.0895566153642,10428522.616817567,0.0034280362160474557,1.0
2017-06-02,242.33213655803485,242.63059735664478,239.7702840931496,240.52877719580215,6991846.190758664,91.01224550802472,91.2867454915712,89.91044448433622,90.28649944474884,12393940.553543553,0.0,1.0
2017-06-05,243.0068113265929,244.47816408841058,241.3276906037771,242.62727235658895,5186574.988968677,90.51948522439436,91.51865988899385,90.1831911682042,91.15847646048115,9252019.119263193,0.0,1.0
2017-06-06,241.4873920476801,244.1875314615301,240.8699823140647,242.7654917148825,5926528.480382973,90.09550512674639,91.0482505107377,89.79351842077254,90.42223926737941,11069452.977000732,0.0,1.0
2017-06-07,242.62942138354282,243.43146426195008,241.08681844154157,242.18167340791038,5250326.6210844,90.54267098758581,90.96949189730168,89.89954569120675,90.45253323516972,9624320.675824746,0.0028847955042147987,1.0
2017-06-08,242.69428347067233,243.68199345527051,240.81530229943047,243.1235227410361,7507451.546779063,90.25560077940752,91.07540438792456,89.49426375690635,90.78648954006822,12472452.361223854,0.0,1.0
2017-06-09,235.31726193224287,243.5121115853251,231.36962766400137,243.01700699200302,11395966.102716208,87.93810608692839,90.91114229338548,86.42544356462996,90.45266362294731,22008135.366947655,0.0,1.0
2017-06-12,233.6690571455609,235.466538902471,227.65278632676066,232.90727961817825,11549367.231553756,87.43047846760084,88.30752953970618,85.42581877727636,87.22588667943049,23748138.469767924,0.016541783744406287,1.0
2017-06-13,235.8231345632861,237.63218702961194,233.3683411520772,235.7505286845988,7475366.196690604,88.17952865563623,88.95453460741092,87.11786824780133,88.11063519157122,13704212.75554168,0.0,1.0
2017-06-14,235.08633986643892,238.03032168218886,233.05294310857636,237.07419503905822,6906202.460817984,87.82973586019624,89.13477243087546,87.13336352146612,88.62058503777962,11574803.620147785,0.0,1.0
2017-06-15,233.75398481559776,234.19534048238393,229.16573456837773,231.18862838667306,6929602.40555729,87.69570883816513,88.06618425977393,86.02236658303877,86.7625414992608,13796364.3304194,0.0,1.0
2017-06-16,233.73499947577994,234.41964199841485,231.08784161070156,233.2021157015934,9910822.867728174,87.96901503648839,88.42420005647473,86.76919789849258,87.52930711686882,18344199.51711937,0.0,1.0
2017-06-19,237.05849934292408,238.31298481244343,235.3099406786746,235.92869288820575,6976266.1791029265,88.72715309607175,89.50553230345704,88.18958952334647,88.60963524769895,11665466.22010615,0.0,1.0
2017-06-20,235.1099073688127,238.1616323316123,234.64287335177767,236.87430534068224,7175608.7431574585,87.79370848993939,89.13707926636195,87.49176131766679,88.59158201877031,11070788.971485067,0.0,1.0
2017-06-21,237.10861690032544,237.62272506880603,234.74734209644848,235.60901655473648,6978489.784993237,88.41767482320759,88.81536583907793,87.49789977806417,87.98828228703192,10805156.01602664,0.0,1.0
2017-06-22,236.57728585457502,237.92823757232367,235.7586651283813,236.79722240535733,5566590.892392548,88.21739085261693,89.02307729103558,87.90100856032522,88.34543319381274,8603767.54011864,0.0,1.0
2017-06-23,238.34879071316152,238.9251864695761,235.37359140339547,236.35612444339802,7844465.999999999,88.63793245908313,89.17177547513548,87.45499609057406,88.15303232704647,12406030.243105423,0.0,1.0
2017-06-26,236.19440835165722,240.49987094850164,235.35191072902776,239.3743823266324,6696137.54594651,88.51298874121991,89.63056081149593,87.99362483952528,89.09360171563998,11560354.71006348,0.0,1.0
2017-06-27,230.71860597306977,235.42460856826506,230.34359871922973,234.14366321688772,8351256.798522219,86.72832541040383,88.46742094109283,86.52445022003181,88.05873875220907,16064797.972837964,0.0,1.0
2017-06-28,234.22549278075866,234.83755803596026,228.47846394393085,231.31852636989336,7372990.5082734935,88.25577213736746,88.56519009595613,86.2848753520659,87.0382643520863,15776501.122905612,0.0,1.0
2017-06-29,229.36658343463301,232.60205431825923,227.1870626282888,232.30230510735885,9372801.60713914,86.87589479123403,88.0693127705262,85.9192269483835,87.89590658503832,19314996.491310235,0.0,1.0
2017-06-30,228.0530471646137,231.2031463017841,227.39016704640713,230.8582006277925,6661721.946300344,86.84454147334014,87.59524694034222,86.28364137622629,87.34157444228141,13312985.813508172,0.006458008117389947,1.0
2017-07-03,225.3728494100723,229.60297531237504,224.42636903290995,228.93823915273353,5087487.839109167,85.66633066225955,87.67635633177132,85.40038636670747,87.24697918316781,10335991.728171509,0.0,1.0
2017-07-05,228.1529898994852,229.11603288971088,224.9610981139153,226.21151315118016,6577823.472057446,86.52145017363094,86.98963343353624,85.41128214344162,85.95024221350627,12583723.105109796,0.0,1.0
2017-07-06,226.4763627907012,228.6076649013665,224.80610987372378,226.36551567789846,6693112.833905715,85.69175018577502,86.56980633180864,85.19173081794176,85.98692923813141,12078874.872411283,0.08507753148090333,1.0
2017-07-07,229.43660004888025,230.36992820975559,226.69292660902883,227.07307421870556,5985225.561348734,86.76580464794536,87.21639201041818,85.661395426847,85.91723750957308,11060167.003330208,0.0,1.0
2017-07-10,231.88302425197546,232.56389633942527,229.41093819651468,229.86629199852666,5783002.685815383,87.68744071943738,88.11457257056654,86.64254210330435,86.93668250586342,9983137.418253718,0.0,1.0
2017-07-11,232.78395672468952,233.3716848981327,230.41124149113395,231.85312102461623,6066122.861379956,88.30278890128123,88.7147768437222,87.23368854277959,87.69630650788888,10210953.02684983,0.0,1.0
2017-07-12,236.44148923853461,237.1048605415915,233.7284743353425,234.68553437352767,7462258.501092727,89.85517576718667,90.21611147335794,88.71270153552545,89.05234136118754,12349745.718909359,0.0,1.0
2017-07-13,236.50937351175597,238.64829621503907,235.43143297706433,236.8687740466067,5944338.445936102,89.60869191811983,90.47180236692544,89.20922647002422,89.91295215763839,10602483.124674784,0.0,1.0
2017-07-14,238.45663751181954,238.92354936335303,236.4398355969481,237.70041730741198,6501858.175876784,90.2847501564818,90.6739668052624,89.43328763658651,90.09126424753532,9920015.758975962,0.0,1.0
2017-07-17,238.21385056451896,240.00747704888843,236.99338705042575,238.64320844072455,5967183.263398897,90.28592662536055,91.0139161778529,89.83765472801926,90.50264349226914,10498682.014569676,0.0,1.0
2017-07-18,242.53302215315745,243.5024268895186,238.23437298947317,239.04255282475583,10858955.30252888,92.90315770616326,93.39803070082169,90.9006152513301,91.40445225144495,15091310.31637007,0.0,1.0
2017-07-19,244.0734551174304,245.16978312264933,242.20507978662607,243.2389738767181,9723739.484753875,93.58152335244316,94.33187638793048,92.72459405933311,93.23078900098173,13987901.400249766,0.0,1.0
2017-07-20,243.91671872446545,245.8168045466028,242.02643043030216,244.8767280751861,8284086.431678639,93.61528593212964,94.48678767114028,92.90515452855718,93.8130438936018,13148991.075658238,0.0,1.0
2017-07-21,245.11965654871597,245.7801888931692,242.25193152059362,243.01312206918192,6449961.284524926,94.3593840421821,94.93411740100451,93.2247059142077,93.43131833856883,11294936.690082215,0.0,1.0
2017-07-24,246.22720783762043,247.83284108260673,244.16454523302667,245.13887086574312,6906754.235716517,94.6122165417438,95.19901345645489,93.91996811101666,94.45486487849075,15789037.86273286,0.0,1.0
2017-07-25,241.24948589282474,243.18294203544758,239.80625351958477,241.82960246765472,8347634.658549277,94.07721657493013,94.78467945232643,93.49243474860742,94.34035024582666,24513441.800603606,0.0,1.0
2017-07-26,241.32230617904708,243.00133314456835,239.66402074606367,242.26213444565573,11113011.118222497,94.60817109257314,95.11373632098774,93.81785957229624,94.52183692386761,18453110.50650432,0.0,1.0
2017-07-27,240.65304608711364,245.49905554965255,236.3307975642863,244.06177646925576,22422984.932146944,95.82431971083982,98.10531228754522,93.85748982585856,96.76750976901421,33522235.739723176,0.0,1.0
2017-07-28,242.37525650902558,243.34551171430627,238.51949788983126,239.3061088369074,9778292.561765013,96.570090493147,97.12187469685435,94.81455493975858,95.22923991347194,15623448.6793631,0.0,1.0
2017-07-31,240.52151107948478,244.46766532561588,239.18419388970312,243.76259026250997,10945147.970652515,96.5151881617687,98.31153650769372,95.86908230416117,97.84203837077297,17704588.2266625,0.0,1.0
2017-08-01,240.68398691054105,242.61880946497303,239.81890206322586,241.1529097546527,7835460.932667292,96.5628131431596,97.41805415480717,96.00786623806403,96.87156927817827,11856600.888333851,0.0,1.0
2017-08-02,240.29975854031045,241.3599266312832,236.74278219886833,240.75512956603194,8113999.065563536,96.14909450947827,96.95075551905533,94.8425473564294,96.67945562434556,14367729.848163182,0.0,1.0
2017-08-03,239.52521280968946,241.62316475301228,238.72292420791368,240.7654854920469,6033530.000416276,96.42001443565711,97.173133631306,95.8624965991773,96.55023796726431,9576698.861484028,0.0,1.0
2017-08-04,240.3138942599805,241.2016974854024,238.75200228177096,240.19663543431216,5562279.528358832,96.47299702982049,97.08845237484967,95.81214159510786,96.63048432044623,9125279.456551153,0.0,1.0
2017-08-07,240.86652409780908,241.85916432123727,239.55759663275603,240.70794047828568,5667277.611197836,96.9316445136845,97.53828806736232,96.07097829655837,96.70075378542501,9578594.062025186,0.0,1.0
2017-08-08,240.61728482744525,242.94745029537998,239.45082732998674,240.51405556515118,5924968.29919867,96.99183703248208,98.05087313582662,96.11108818419105,96.89996809198561,9908747.681028204,0.0,1.0
2017-08-09,239.97271412605184,241.1189207937269,237.16385918094394,238.28438860758766,7667316.5511499625,96.95863353301797,97.63248157279394,95.12858349889537,95.6271756845438,11756803.634509312,0.0,1.0
2017-08-10,235.82097619142354,239.60407846810276,235.0013665618773,238.7630804241052,9065448.901446562,95.24410541543648,97.18622897060969,94.70881347693145,96.5861953870322,16056117.280049957,0.0,1.0
2017-08-11,237.13253615045164,238.4980778533748,234.92154335834223,236.06725155826706,6158067.093766262,95.53368094644325,96.42946339549198,94.71465440866993,95.47443254477896,10564458.294099282,0.0,1.0
2017-08-14,239.50277658688609,240.43654846498072,237.95678832466382,239.14818608330341,6293634.610053077,96.58371030031572,97.24368819525101,95.78262873779931,96.29026666446387,9820283.741908627,0.0,1.0
2017-08-15,239.0827161822486,240.59396522348405,238.3169497481851,239.99456239911316,4724412.432719325,96.27822631676536,97.11600952088565,95.85895366200184,96.84757247101079,7761572.784889167,0.0,1.0
2017-08-16,240.23743571795637,241.66409666663444,238.73205319769085,239.67344571052752,5966929.280674369,96.5981652750812,97.20913915963685,95.74882419436256,96.44766395069013,9693473.98647102,0.0,1.0
2017-08-17,235.99266730076795,240.31695059308208,235.91777864308298,239.82164115230088,6587722.428244354,94.84938060635376,96.76792173359883,94.82696509080867,96.42575934826856,11252805.330731608,0.0,1.0
2017-08-18,235.91419709719247,237.61648464859047,234.79299863547777,235.7132271712255,7003535.288999897,94.93072081350536,95.94495582707721,94.33425650787473,94.72637169459898,11303079.819752319,0.0,1.0
2017-08-21,235.4904412762399,236.98981163105097,234.0739598138281,235.8408825021093,5425193.186595901,95.19859195981917,95.69195633579834,94.25871546983103,94.97909654881596,9050793.89426579,0.0,1.0
2017-08-22,239.5450889674582,240.10238660752364,236.16129199127406,236.80176501584262,5194933.290352795,96.39112589749807,96.7827389346148,95.16281486511649,95.6414397779203,9761516.895930901,0.0,1.0
2017-08-23,238.99910396503284,240.26143015003586,237.46600985993888,238.5357851858751,5137006.283380167,95.57411007222439,96.40770351050746,95.21469263656523,95.94264999168503,8719127.593610158,0.0,1.0
2017-08-24,237.82238107780324,240.1815506141195,236.03482777726026,239.3809064283162,5496514.16921636,95.25786145487604,96.21687594111123,94.42735796205682,95.79254922527188,9345360.82797378,0.0,1.0
2017-08-25,236.46238316693456,239.11375481125862,236.07226019406528,238.43775730891713,5243686.68352586,94.77290139927531,95.95346468453502,94.50841336750919,95.57212466945317,8767951.821001144,0.0,1.0
2017-08-28,236.545136845057,237.9691195560249,235.5908648045501,236.9267499296975,4041098.0114476024,95.18651593599304,95.72616957266209,94.59714028729778,95.15897880907866,7311975.490685815,0.0,1.0
2017-08-29,237.94890000121703,238.65301590513678,234.08890347469102,234.36418462246144,4480230.141950255,95.46803387049849,95.86726934333308,94.12561187358789,94.33383191998493,8087621.808512854,0.0,1.0
2017-08-30,240.53743990978026,241.10030086571086,237.53201063248434,237.91061298444603,5305037.418461861,96.85007918410899,97.18067216579576,95.3769708925132,95.57656217590176,9036345.950879384,0.0034280362160474557,1.0
2017-08-31,242.7654313470541,243.58843813479362,240.6221391384519,241.17311062351803,7213240.013528983,97.47247516049111,97.97811397718648,96.64234559227832,97.16314543689595,12338778.616297225,0.0,1.0
2017-09-01,241.91247995701127,243.78283672476908,241.24790393840698,243.2875189732379,5015021.599229888,97.0213532046174,98.05646424601883,96.70912761627135,97.733744132819,8125583.494744511,0.0,1.0
2017-09-05,240.0802154366022,242.34260209057194,238.16506506449923,240.89009472419326,6054287.481423666,96.67914778883271,97.56771302185524,95.75249532937508,96.7656322091306,10386821.29180976,0.0,1.0
2017-09-06,241.01337809273377,241.97693046634143,237.91957226630464,240.6315662341714,6855919.038193361,97.61765516585756,98.18325579751111,95.94281751004243,96.95657232189862,11486076.828181913,0.0,1.0
2017-09-07,241.90786139739222,243.17986576392312,238.53514308920305,241.55221357110756,11943377.637006976,97.38690409530605,98.54331992532117,95.93258765481964,97.75892644492112,16045450.43709023,0.0028847955042147987,1.0
2017-09-08,239.69332086053973,242.41645578441648,238.85587885000416,241.85708396632933,8544088.301384117,96.51668613260648,97.79432531832583,95.99198437161212,97.37010154324177,12090482.043709025,0.0,1.0
2017-09-11,240.5529836475898,243.17505358783822,239.45022482507576,241.45777082821377,6913159.449370383,97.03739582782146,98.28932629330707,96.33662082156779,97.31896509043503,11078034.969819961,0.0,1.0
2017-09-12,241.33942655793808,242.25809048083156,238.70713759678853,241.35318036144014,7385215.346862316,97.32986562939237,98.06060933670743,96.08797746540075,97.33967155908762,11338775.132688105,0.003122073056509523,1.0
2017-09-13,241.96272451552605,242.66430932580857,240.3759145708913,241.04874911070593,5753590.689249661,97.41297958598149,97.8101119144466,96.7300336301493,97.2782098576676,9343309.220418358,0.0,1.0
2017-09-14,239.3408949807149,241.66328545960914,238.71921730984602,240.92814550216573,7113580.656155689,96.3396794898614,97.51531552101952,96.00255152487883,97.0580462071748,11563222.353314603,0.0,1.0
2017-09-15,238.5700114611625,240.39147007288065,237.1393266496629,239.32936101958904,11650844.674888123,96.2681622976017,97.17555025178142,95.52988377498225,96.40612815265948,18839299.191903424,0.0,1.0
2017-09-18,237.5976678094894,239.5539581557514,236.3401113326285,238.7409865692739,7390871.43230305,96.10111337974672,97.02443461643844,95.57685731888436,96.52951758806039,11907348.33520658,0.0,1.0
2017-09-19,239.42343325129505,240.00870247031241,236.65647225008578,238.3167988383007,9163819.015610367,96.83651986136906,97.32839980031237,95.64387544985864,96.40422512328135,13026933.50660839,0.0,1.0
2017-09-20,241.19950776477202,242.24270685283858,238.7186918591386,239.77936622885613,7114910.369237173,97.04983085427183,97.76742861854127,96.12394854493516,97.08538602301839,12649178.269122696,0.0,1.0
2017-09-21,240.8676719741909,242.48674574562284,238.74085879760196,241.22586741015223,5801000.312831719,96.68927850088531,97.61867127336345,95.87818871011487,97.00026204353068,9806123.825372048,0.016541783744406287,1.0
2017-09-22,240.18044958820676,241.92375221146838,239.0995067318303,239.8176750962639,6573120.485378291,96.58424286624641,97.39474877633283,95.93421087845363,96.39513767247902,10051526.222707877,0.0,1.0
2017-09-25,236.2600676681641,239.64647828996837,233.91667508585704,239.20654282831006,12618938.124778854,93.90464634434065,96.50074196510796,93.2118639014316,96.1862699904873,18615949.850868978,0.0,1.0
2017-09-26,236.99752730845267,238.8107914377706,235.8058755352915,237.27840982412326,8039802.669996879,94.14959701510683,95.01506476920994,93.45646611814098,94.58576438016753,13244533.004474971,0.0,1.0
2017-09-27,241.6602716067947,243.03728273831393,237.8014881920316,238.21728485069306,7844196.105317932,95.62047846338224,96.21394563615448,94.45378623255047,94.78822116110136,14942768.804662298,0.0,1.0
2017-09-28,242.331116647902,242.99203642346535,240.1079174330152,240.86325006642792,5517838.357165156,95.56684870288527,96.05878939208232,94.78078183137744,95.39954686140236,9270277.6365907,0.0,1.0
2017-09-29,244.54859504775138,245.1985432329626,242.29112810906446,242.58307939697545,6809831.016234778,96.38655664653486,96.86091030409752,95.36712259586459,95.60676518666557,12317940.39140389,0.0,1.0
2017-10-02,243.0219627258257,245.9087735669448,241.67617546438044,245.03744821980985,6101698.775939226,95.75771573187996,97.20348172249217,95.31264321478679,96.70547331320338,10378771.189717973,0.0,1.0
2017-10-03,244.3643323754008,244.72230662001184,242.0738645586589,243.11326776398718,4932038.12290561,96.40698474094951,96.76093289632111,95.55224260423181,95.84958813547891,8121409.81944011,0.006458008117389947,1.0
2017-10-04,243.90983139255636,245.92321363255562,242.8805445486046,244.37696744961892,6077201.878135081,96.78522126664662,97.6193431374175,96.00272147181208,96.55262056811625,8989020.903423876,0.0,1.0
2017-10-05,248.0859225745255,248.71829380523081,244.19723175995261,244.97868455686557,7513800.559891769,98.21302311765758,98.70355738708027,96.6191722551902,97.15107954556184,12125997.602039756,0.0,1.0
2017-10-06,249.8634769545059,250.39267507495342,246.16249597784108,247.14928089025534,6779991.009574358,98.76239585383897,99.22302050412094,97.41964257008202,98.03028925012062,11086199.193984808,0.04483296909147674,1.0
2017-10-09,249.15410550282152,251.51485688948637,248.64566657228423,250.14844934713406,5940460.870954315,98.30547717299058,99.44962697530488,97.98909458483739,98.90867378988303,9298022.323967118,0.0,1.0
2017-10-10,247.9547819984794,250.46779476604456,246.2451739019033,249.88693307775563,5516927.81923197,97.77416238771877,98.91068507965205,97.12076683876218,98.63182247419402,8953815.550317412,0.0,1.0
2017-10-11,250.7271870160508,251.51708554867642,247.20137682840598,248.16987510545383,6649001.104069103,97.9741602578398,98.53284446647383,97.12459792128976,97.86562286800645,12138954.602872308,0.0,1.0
2017-10-12,249.91855029803756,252.02720382974294,248.87802308496083,250.2959922930745,10704620.458216256,97.33788021883304,98.52478006388287,96.92379434561624,97.89507723641154,16032722.960661883,0.0,1.0
2017-10-13,250.98409618309805,252.6967769702281,249.83369861006904,250.99906025407273,9706590.307420129,98.09117070261887,98.75546649598982,97.13592600154648,97.8988825826846,14176718.970340308,0.0,1.0
2017-10-16,251.88078884766696,252.59819648246437,249.76423040317957,251.70278281553368,7585888.250806535,98.70100318022412,99.09462245863658,97.84859277245822,98.55328029209564,10987733.267353524,0.0,1.0
2017-10-17,251.79208973081367,253.3357856984714,250.42645955753005,251.49468010126745,8367101.928296391,98.44581676960898,99.42385179952751,97.8024985130061,98.61698303559514,12003741.315537514,0.0,1.0
2017-10-18,251.3456811555197,252.8750692214513,249.71152417281834,251.83994381624623,8021145.194609221,97.82721785917055,98.81842807046672,97.27853061752673,98.56824562078107,11997468.952752627,0.0,1.0
2017-10-19,249.58987305700623,250.95486104643854,247.49419288311412,249.6417587716965,8088109.106878968,97.53778187791721,98.14486976971774,96.30109734475062,97.27849822198203,13027851.685919454,0.0,1.0
2017-10-20,250.19584246069024,251.44240189937292,249.39292693574123,250.87251639669552,6833071.439900093,97.61201208861392,98.4074336200261,97.35949604687559,98.09017613173098,11442889.870954314,0.0,1.0
2017-10-23,245.9199843780108,250.66151211048913,245.23208239948087,250.36523466032617,7742525.252159435,96.30744645446033,97.96782676918357,96.03492964404087,97.73478555763928,12772822.687480493,0.0,1.0
2017-10-24,246.34786448846808,247.33873363756786,244.07386100021586,246.23881671687573,7707095.618586742,96.38435498840751,97.2122382099183,95.758153631967,96.51177814364685,12248954.081486108,0.0,1.0
2017-10-25,246.4693719027831,247.75593400081624,243.30288113564973,245.8363180409873,10121193.07191175,96.11730146159825,96.98287836106206,95.0201353085217,96.27082290526889,15206953.114371942,0.0,1.0
2017-10-26,245.44393380236465,249.13404856783285,244.67712091279793,246.74437922780726,9108969.060776358,95.12687401227653,96.57968573534825,94.53937339186733,95.40803978586347,14981908.452596527,0.0,1.0
2017-10-27,254.443502969844,259.5200239417053,251.00381362192513,252.19732332526368,13071988.250286192,97.49387893908596,98.1711161532759,95.46353350785593,96.21045925500674,29166713.52055365,0.0,1.0
2017-10-30,254.53835153186495,256.6461827685908,251.83652762962623,253.84102091401488,11211835.160162343,97.81743816028707,98.84727924782273,96.72800281978994,97.67717948532915,18420565.088354673,0.0,1.0
2017-10-31,255.0144385646312,256.96749941599603,252.75356523510803,254.6283036736393,8952621.885211783,98.33050828002294,99.15832317723206,97.11960811975064,98.08399732032784,13695898.227390988,0.0,1.0
2017-11-01,257.0229909459881,258.38920074979427,254.631663035872,255.81422624622752,10382521.691226974,98.95314652791537,99.63285129541421,97.92876587932956,98.86645059490759,16207109.910812778,0.0,1.0
2017-11-02,255.91258508230274,257.7374937885153,253.05960766142326,256.28247372448914,14175854.451139558,97.85274238283954,99.28777952888359,97.10178806731037,98.73982065609559,18577752.252159435,0.0,1.0
2017-11-03,257.19624828756656,257.9884738251803,253.98017169851963,255.7430398410302,8826420.062961807,98.08284239880012,98.84635176237477,96.79590488601718,97.98613314788692,13068013.946612552,0.0,1.0
2017-11-06,256.79521697826544,259.44539079110154,255.14420376730155,256.7511583123518,10272951.190654593,98.7510642486936,100.01319324470354,97.31681936896526,98.03056154859681,13921073.67062129,0.0,1.0
2017-11-07,257.63698201154403,259.0794577399719,255.46867847729268,257.6453127160273,9219123.655635342,98.28871689064879,99.63466678776112,97.54010824626044,98.99616686902552,13169438.302112604,0.0,1.0
2017-11-08,259.0352336409458,260.5419870083014,256.59272450583944,257.93391506992634,9849036.83172026,98.75111755895655,99.68981351129985,98.0936763583932,99.02883837372956,14307009.273805808,0.0,1.0
2017-11-09,257.3016422201144,258.3094716699565,254.01953688862199,257.0998033132721,9396568.13591425,98.44202484136939,99.03300357026038,97.03050534947886,98.12926908685317,14956859.442814032,0.0,1.0
2017-11-10,256.57228013464913,257.6207111671114,255.43671194641266,256.23712039245225,8647472.02476845,98.21040380685898,98.90531780919416,97.58386080375129,98.06952001780874,11988250.765116034,0.0,1.0
2017-11-13,256.79349566563377,258.20190808373525,255.07797896254286,255.56015715209315,6405125.893433239,98.83095508063825,99.27101339908681,97.57065464156793,97.85288245865911,9494558.290977212,0.0,1.0
2017-11-14,256.40917470877423,257.3491581042136,253.66711935369864,255.83515143991647,6808227.56894578,98.41791916165468,99.27437376089352,97.56765601969425,98.44174399629938,10116850.283484234,0.0,1.0
2017-11-15,255.04592359196866,256.33361430828455,253.37492029275458,254.97169634379668,6757062.112290562,97.8314465008458,98.67920026173549,97.07684948585856,98.04235627701175,9853921.939743992,0.0,1.0
2017-11-16,258.03634507764326,259.03584541188144,255.15435008458408,255.7668893648581,8668284.351753566,99.01426863804997,99.55609530644738,97.76930776320678,98.31163642102872,12598153.773545636,0.0,1.0
2017-11-17,255.67451454088766,259.0908398473388,254.813573929473,258.1115527090627,9077481.183057552,98.57542975705022,99.75007573722353,98.08497415913467,98.94899900853278,13526019.764387557,0.0,1.0
2017-11-20,255.2284119093799,256.7342850220222,254.4802903586062,255.63143407222395,6717614.824539494,98.2725929153428,99.1998947069102,97.83427724145125,98.50510129766192,9744287.35799771,0.0,1.0
2017-11-21,258.5767551195914,259.27926177541895,255.9443105596359,256.33153188749316,7718193.6850868985,99.24484971395667,99.93550075209343,98.40423869396923,98.65531163496536,11438476.46664585,0.0,1.0
2017-11-22,258.4949515943065,259.75262461693757,257.12841192875317,258.62659171947735,6100650.50879384,98.91385106571651,99.67214024554181,98.33117810363456,99.2515365704743,8621557.639608702,0.0,1.0
2017-11-24,259.34131545475833,260.44700906951044,257.7641808566005,258.6321667322624,3669712.5676969513,99.06796944413708,99.75483641587725,98.32328427595293,98.91464812006139,5880594.767301489,0.0,1.0
2017-11-27,261.28737956326245,262.11846042761215,258.06814134327624,259.40835572368877,6839480.858257884,98.82272591712447,99.52218913163331,98.16284368946364,99.0633268127806,11750563.80820065,0.0,1.0
2017-11-28,260.72427620520835,263.9884899437704,258.09278594148134,261.64336350562365,8663245.468415027,99.38057528073719,100.30914597252156,98.10167141147392,99.02004296366817,13737565.164533252,0.0,1.0
2017-11-29,254.6770767105521,260.90534219664283,252.11812989954964,259.72166926839424,16299787.201165576,97.14013430649398,100.11346274063597,95.76565075417581,99.3177279526022,24915057.470704548,0.0,1.0
2017-11-30,254.60793942597078,256.85727545153946,252.64490528355608,255.38429492408545,13439752.336039135,97.18817321261592,98.3254929118556,96.25997586715805,97.65118608182772,20129033.08450411,0.0034280362160474557,1.0
2017-12-01,252.95903632592845,256.0162868260688,249.73753981418076,253.16731291641625,9998541.639088355,97.18034365677514,98.44993353447599,95.31625224136644,96.66869962695603,16080785.190966802,0.0,1.0
2017-12-04,249.8542585173357,255.82973670904693,248.07750738624858,253.71792693574122,13128688.566031849,95.87619963574663,99.09050312998654,94.6376572295928,97.5817262783256,19352620.124570712,0.0,1.0
2017-12-05,251.00325425243977,255.30546192886501,246.88977467877052,249.24914144928266,9657084.30242481,95.98992297708874,97.84279200141849,94.52307356645292,95.59387405651587,15998696.081382036,0.0,1.0
2017-12-06,253.19596733973785,255.4442851357779,249.12072433451038,250.29821002888346,8789409.376105733,96.23758919232982,97.50065798942943,94.84377182371841,95.85355256585744,13163961.701217607,0.0,1.0
2017-12-07,256.0502497561579,257.47057341106483,252.8379248388606,253.58279736777203,8382235.531793113,97.28194948705328,98.15334023826111,95.78505659979606,96.2782437667686,12956740.00260173,0.0,1.0
2017-12-08,257.0259184078868,259.1791663968073,255.79786190611372,257.73569152174616,7916383.662607974,97.46936962407865,98.75822001689625,96.93766242117344,98.02650015721498,12426153.67426371,0.04676865438651264,1.0
2017-12-11,258.13551672246416,259.3138526555877,255.83806848328106,257.26358832588085,6798400.992402957,98.05889682185615,98.77851840197712,97.12734731581897,97.72583042203163,10440859.901550632,0.0,1.0
2017-12-12,257.44463317966375,260.3009595171194,256.0542060846646,257.9380611751961,9050673.36736393,97.62107817034833,98.73337408646512,97.13017091576222,98.14942642561786,14171423.642522637,0.0,1.0
2017-12-13,257.9094973249274,259.6005983585894,256.43433448584284,258.3123259386151,8365564.536268082,97.87960214663939,98.86653151235066,97.05756992669399,97.91722984905728,12794684.70569258,0.0,1.0
2017-12-14,259.3991424279794,261.9983255552731,257.61452597686485,258.5503030472874,8911448.193776669,98.30195557850574,99.51010855983532,97.33862624796254,97.96579415563448,13968942.912894161,0.0,1.0
2017-12-15,262.2371557875708,263.59229051443674,259.22100424358524,260.8541315278462,13236813.371734833,98.88980283175418,99.80209854054294,97.94530864518771,98.91332567386269,23153338.328754295,0.0,1.0
2017-12-18,264.46241851943205,265.5243947955515,261.3692340591594,263.3458414258112,8110801.975543761,99.17239214492461,100.06675867279263,98.40457245385092,99.57273850262233,13033915.91081278,0.01804558226662504,1.0
2017-12-19,262.74852433113244,264.63730798232376,261.0093495526147,263.96422210283663,7546850.132167759,98.3441837993145,99.42529000086948,97.79042622473001,99.04270632015505,11754966.347798942,0.0,1.0
2017-12-20,261.5542938833944,263.61917781534856,260.09254135778144,263.1648412558732,6670700.577687587,98.04025962160839,98.94231856327899,97.30864680759109,98.64946699874719,11101769.53907795,0.0,1.0
2017-12-21,262.09428246485305,263.97879594761366,260.5749233581982,261.8788011355702,7412897.889686753,98.8705447398807,99.85668203154691,97.72505109845675,98.27817571634266,11161574.808825063,0.0,1.0
2017-12-22,261.6755718403416,262.8612634143955,260.63760691162895,261.6062160261449,4911995.282547612,98.860926535105,99.57477835852474,98.04850263401579,98.68927524866757,7567349.907586638,0.0,1.0
2017-12-26,260.77963472132694,261.91977105572516,258.98644186578275,261.23840670979945,3920868.6260797177,98.4434856269535,99.14248118247333,97.75958262491733,98.64756311798286,6634020.07534603,0.0,1.0
2017-12-27,259.53634407569865,261.86389633167596,258.76519722257206,261.1172328180795,4546299.202830681,98.16666871251994,99.26783265317529,97.7155324575975,98.73301050703817,8090706.40566136,0.0,1.0
2017-12-28,259.97766157115535,261.73911747658013,258.4565355013487,260.1510365069442,4949693.82412322,99.03272719083903,99.67132771357701,98.03822473798772,98.5183286624239,7902006.992402956,0.0,1.0
2017-12-29,259.1031387221755,260.86597148506604,258.64380142452967,259.6972088511889,5171227.289624312,98.50916132288668,99.69604018353506,98.27497806643657,98.9506207425864,8611092.200645227,0.0,1.0
2018-01-02,265.06057549825874,265.820246622461,259.48676554393745,260.0752450943589,8594618.613695495,101.55693113511757,102.00513575864086,99.10060645946605,99.44137062475394,13246296.908002915,0.006458008117389947,1.0
2018-01-03,268.79034031758715,270.5508710583828,264.6317002964852,265.5156239078271,8568234.500780521,102.65716315027225,103.78587048003395,101.36974455055697,102.07208178464505,13564801.734623788,0.0,1.0
2018-01-04,269.1569184925827,271.64449183445015,268.2452055669767,270.1341544424218,6955620.477781248,102.39806746550495,103.76013319261203,101.88533364709058,103.23050457016397,10798925.71724425,0.0,1.0
2018-01-05,272.8817108766618,273.64751275040226,270.0349734701283,270.9965386500474,6744179.087522116,103.83967348008785,104.25066598277056,102.48195254509734,103.14321163274143,11137796.047663651,0.0,1.0
2018-01-08,274.21301590319945,275.63311060801936,272.195841418062,273.14133730926966,6977026.32802581,104.53268697339475,105.2970794911691,103.32010380434748,104.11069045514118,10589284.13300031,0.0,1.0
2018-01-09,273.44340410419727,275.3719949930593,272.2537871786867,274.8824341782304,6663955.563221979,103.9837198430871,105.18224627710421,103.58570975254383,104.79372349562969,10461933.51576647,0.04526173379123738,1.0
2018-01-10,273.04815175406094,274.0269299750556,270.6216930038987,271.83749192495804,7016815.9679467175,104.06090221095499,104.72986632937487,102.68438791460176,103.54833018053205,10677719.418669999,0.0,1.0
2018-01-11,274.34910186427754,275.0496903672994,272.3192205398628,273.8424841294619,7402508.032989906,104.9752899361052,105.43365375624188,103.91247129322302,104.48745029147771,11039020.022374855,0.0,1.0
2018-01-12,276.21977625918026,277.3661078465867,271.4682065524788,272.3315610326538,18415510.053179312,104.16781724812526,105.17609064960835,102.81370257985775,103.40563546598656,24290193.24060777,0.0,1.0
2018-01-16,275.4950286035044,280.2621344146585,274.1788063070844,278.477500213677,11181864.299406808,103.50475219918187,105.56543336933939,102.86648035525195,105.00031391284466,16533099.773857843,0.0,1.0
2018-01-17,276.9676303388008,278.0261442785216,273.41145903912184,276.8180486927159,9003690.564158604,103.5789223651713,104.62605473397248,102.42556406987833,104.11865426743691,13076888.32105318,0.0,1.0
2018-01-18,277.67989803165347,278.8654865695471,274.1028084552792,277.17336036030264,9475518.92142783,104.68331890925997,105.3352791837293,102.99236409658367,103.87923128558748,13586912.8319284,0.0,1.0
2018-01-19,279.3477447838157,280.1755010617283,276.8700249959577,278.5292715046629,10264690.658965556,105.20881862443846,106.0391770486851,104.36353018025659,105.28625267658103,14818491.733791245,0.0,1.0
2018-01-22,284.2361109686597,284.9505593520495,278.69715061511283,279.38973671292155,9563582.583307317,107.10309820816236,107.38763143938355,104.94461159102687,105.30003936637634,14487206.159954213,0.0,1.0
2018-01-23,288.53807364217766,290.00463833274847,285.6949130790522,287.26031744175793,11530190.640753463,109.48997041846212,110.66731208304085,108.24064950330562,109.38278778924717,16605006.121240506,0.0,1.0
2018-01-24,288.43922264643004,292.12407639447,286.14841059910265,290.19385054902057,10836717.174211677,110.15983397824414,111.52978071376079,108.50989556459062,109.97817253289769,15996372.989801226,0.0,1.0
2018-01-25,290.6216875076096,292.1861598578899,287.833067941625,290.3629753511215,8388317.416380477,111.02992387572165,112.02318589480376,109.70323273877761,110.81146984344716,12803696.875429288,0.0,1.0
2018-01-26,292.8147632040467,292.9472868836421,288.20262666151046,291.777666254265,7652379.567072539,112.36930816339773,112.5714703591194,110.67648556344338,111.48968248602696,13646084.060776357,0.0,1.0
2018-01-29,292.59700175755074,295.60301070361896,290.7581985754704,292.3871245978375,9294470.65553127,112.2926622049358,113.62700615673045,110.9977737110722,111.97672306201561,13989426.870538034,0.0,1.0
2018-01-30,290.70323654519393,293.54234047922955,288.50224696372794,290.8995317316626,8995557.50973046,111.95084471833731,113.09295477726145,110.09041539757239,111.90659991558977,14222970.17993548,0.0,1.0
2018-01-31,291.6194223777382,294.235669437786,288.9691726855119,292.7953678881498,11448552.851181187,112.03756406596318,114.14810770438963,111.04689134774597,113.10756332468692,16697593.136538666,0.0,1.0
2018-02-01,291.90828906909326,294.7201259236132,288.3413518460096,290.4099375275416,16613644.104173174,112.48285136313432,114.43486906738163,110.72637376321863,111.88689072356341,24670477.02684983,0.0,1.0
2018-02-02,282.15967219395304,286.25991903036413,280.02332086441425,283.8453803725674,11762339.725153508,111.7146600903677,114.05925249645985,110.63735843030436,112.04788008362834,28347011.41086482,0.0,1.0
2018-02-05,268.8443729565386,282.3897900461258,267.4434915416161,277.9181059500949,13098972.981579768,106.98067819702196,112.46938908322801,106.37616086630403,110.53323690065638,24378431.025288794,0.0,1.0
2018-02-06,274.31463110990575,275.0290696338532,260.8439805898955,262.3726319540824,16400479.980122803,108.93729487627306,109.38643559469818,104.0034624942966,104.90143739780781,27937905.641690083,0.0,1.0
2018-02-07,268.2587324809602,275.82287751841636,267.6407184161328,274.30218755576936,11197581.620980332,107.41422097848273,110.19759836340964,106.99087790062087,108.89009520909381,19021088.66958061,0.0,1.0
2018-02-08,255.81609116840795,270.4973086442677,255.30606616857557,269.19151215117296,13873443.989280883,102.16975082182907,108.3078335440869,102.04174130003163,107.58908383763521,23194034.482984703,0.0,1.0
2018-02-09,263.20357789959746,265.37517254679454,251.5301176368316,259.8483483884813,15302565.431366429,103.88467343180652,105.2364473863512,99.49558561155554,103.69030205643433,27705217.941721313,0.0,1.0
2018-02-12,266.3566760483844,268.8969809902262,262.56525969503025,265.5075876355973,11483443.222707877,105.3717012476566,106.40481231910844,103.1832122460007,104.69420486035644,19219161.991362263,0.0,1.0
2018-02-13,265.7835414250414,267.9016932197863,263.63724007191956,264.87826098205977,8076822.610989696,104.8027367964128,105.9694011646167,103.92291503574914,104.82657444755193,12595892.656363828,0.0,1.0
2018-02-14,270.8590030102547,271.8998480784845,264.74807982388234,265.6152784003463,10672715.943178272,107.12126255329132,107.84710679020135,104.57426719779335,104.89751327568212,16401407.488396296,0.0,1.0
2018-02-15,275.6256873725434,276.41262977970894,269.1011567774443,273.05897704722406,9198021.411801433,109.02248528695287,109.50963273177013,106.32251535613243,107.9012133420441,14942432.886876885,0.0,1.0
2018-02-16,275.8666094170367,278.9721241365059,274.20033098236513,275.4617993625209,8318957.477885316,108.55292868515201,109.98167102133657,107.75500579850574,108.8411842412232,14083206.684254345,0.0,1.0
2018-02-20,276.5126391769252,280.0366342358533,273.7404683148332,274.82958682629226,8343713.123842235,108.04843777657999,109.7874719429631,107.43383348220806,108.12191696417307,13218031.589655535,0.0,1.0
2018-02-21,278.40907479468717,284.0111853586943,276.87169930174355,277.7210615397111,8700889.145072328,108.5534688799007,110.78581306696206,107.94779664997004,108.61258092671643,14335011.865438651,0.0,1.0
2018-02-22,277.4577437586233,281.58443591447065,275.9678837974343,279.73619422781593,7314553.466958062,108.241255476134,110.02026131827476,107.50158633837097,109.16871428481336,11613192.858153818,0.0,1.0
2018-02-23,282.80673223020074,283.1497627495703,277.14036430717925,279.35524712537057,7615468.734519722,110.6949165348051,111.00224580667259,108.26103448309173,109.07312200023524,11447038.388594026,0.0,1.0
2018-02-26,286.57568526403884,287.4697296572599,282.6256686052332,283.82533247365797,7815700.469559791,111.98766582104005,112.90212294889392,110.4957875231243,111.39536427478791,12553070.779061295,0.0,1.0
2018-02-27,280.4214663258962,286.9244765091696,280.20975339497494,286.13570085890564,10414834.774274122,109.79115843089707,112.35801770873182,109.73800983942186,111.81631217568582,16505081.673847435,0.0,1.0
2018-02-28,276.8911447988673,283.09885936777175,276.5274357528281,281.71983769094754,11294429.351649491,108.33251282350251,111.05681954342886,108.23089663944445,110.45757442499017,18203384.311166618,0.003999375585388698,1.0
2018-03-01,270.46206578717107,279.20930690365606,268.73534391594404,277.8613664311824,11241265.245186808,106.97467018498124,109.73606149552519,105.86807986215469,108.71864022426844,19583454.14142991,0.0,1.0
2018-03-02,273.4720626147277,274.44822973808124,265.3221031208561,266.9342511763162,9518490.616089087,108.2715427454765,108.88386591978566,105.12880966925047,105.74564878561631,17005673.696742643,0.0,1.0
2018-03-05,277.87435009233343,279.4720923557892,270.86910193014637,272.49313456134877,8596328.413050268,110.96472169040055,111.68347190868307,107.41462238580927,108.13394486548292,12842929.655843483,0.0,1.0
2018-03-06,279.00453532758536,281.20744572940396,276.7118659318742,279.9718555249641,7843078.1974190865,111.30506866961446,112.72720430237217,110.01812205894362,111.96953643801187,12074484.458216257,0.0,1.0
2018-03-07,281.65294827765644,282.4490494366981,275.4567769489175,277.0192590241201,9077136.14965137,111.81800151153351,112.40033201979524,109.43596348747323,110.48350306654261,13607195.042980539,0.0,1.0
2018-03-08,283.9145259613663,285.2990081498276,280.85483617586044,282.44936834317275,7595288.305755021,111.80178202892752,112.97905283893286,110.75895634319603,112.1490042943677,12020757.341034448,0.020930377770839836,1.0
2018-03-09,291.258665865111,291.68062217834256,285.01507753148104,286.33260172754717,8273869.60276824,114.2541676152163,114.67775704382731,112.17160990762339,112.7837427189747,14738516.753980644,0.0,1.0
2018-03-12,291.6165428709311,295.6113414972189,289.5444708202408,292.14774269468444,8107448.230304923,113.89227150008695,116.08812454808941,112.94707936998525,114.61888437667145,14720208.49609741,0.0,1.0
2018-03-13,285.82073058059376,294.61179943248806,284.3576059517592,293.11120405238637,8021310.649183058,112.03029577498945,115.1232511186933,111.43063698925955,114.6012884783218,14229294.788843796,0.003122073056509523,1.0
2018-03-14,287.64546050965043,290.29357169032306,285.26195228985557,287.2187949185466,7545638.704443754,112.36403733179918,113.54802479140268,111.15573166940166,112.53348090610994,12756673.662712038,0.0,1.0
2018-03-15,287.62973042227964,290.17593918102335,284.31293166147185,287.65006349377614,6865125.769591008,112.2026733035749,113.0503460936222,111.22469730797643,112.35646881256415,11716093.612238528,0.0,1.0
2018-03-16,285.2088989372781,289.7305183106231,284.14109685733683,288.6798251561595,12323732.129149755,112.04787866599163,113.41267809929882,111.5730406620851,112.62447917403895,20600126.397856176,0.0,1.0
2018-03-19,276.11612029225785,281.3625194897087,273.09321057053955,280.81695911246686,20517604.509626403,108.24567917486952,110.44263099407674,106.96331017823626,110.17628518595896,29004922.707357697,0.0,1.0
2018-03-20,274.8495348537356,277.4816296950129,270.96931420399187,275.0868290338388,26905791.133520663,107.50714767521052,108.8518447682307,105.78232233735538,107.48188825091243,34049432.78447289,0.0,1.0
2018-03-21,274.1082151955296,278.04419506036874,271.7115284861473,273.47115312827,22415495.55853888,107.38356294443535,109.10713851618387,106.02256734825687,106.80846476687051,28137117.146425236,0.0,1.0
2018-03-22,265.2889354118342,272.5205380140089,264.2512936254321,271.0204037687421,19856137.45592674,104.8030323353341,107.23756970064765,104.34618361146482,106.14722202930317,29352299.62805704,0.0,1.0
2018-03-23,258.6013549719572,268.5395368769981,258.25355706252924,265.1710770687088,15507046.354043089,102.20439988256189,106.00396295511372,102.09896926293175,105.03698114198322,22804821.950879388,0.0,1.0
2018-03-26,265.76704759832603,266.9738518462332,254.54921015038852,264.02821622847125,28111265.129774176,104.92105582130156,105.59203303098377,100.4379175740892,104.04331688621944,37382226.72723489,0.0,1.0
2018-03-27,254.49746176235433,268.69904675414926,252.2372255526156,267.0701654892452,19457518.968363,100.78581722875109,106.23811344180768,99.94465932673722,104.82683092799759,28841922.014881887,0.0,1.0
2018-03-28,253.001076047391,258.4477614736185,248.47606096124588,253.37185867028504,17538581.457279634,99.44930456326156,101.96842759971317,98.37124887803293,100.6081749246571,28902519.813195966,0.0,1.0
2018-03-29,260.1620969497819,262.7417701960499,251.88841499270654,254.66587676668482,17163963.558018528,102.122999545464,103.08789223910685,98.63686759244237,100.20245434761523,26930456.99791862,0.0,1.0
2018-04-02,253.18478922519694,260.21022998496585,249.23230615579917,257.7040940435963,13130068.842439381,98.92541805780772,101.83930691239486,97.66904625715733,101.13695011014535,22505256.93630971,0.0,1.0
2018-04-03,254.79348735560413,257.27570610110706,249.57903302666486,254.868713659405,13173344.926527215,99.55466254271523,101.0675560004929,97.52865341534034,99.88831619092359,20768086.47465917,0.007790612967010095,1.0
2018-04-04,257.4956706866152,258.3382787358013,248.62086699603677,249.53831820069254,14453764.72692268,100.52125850062356,100.94170216196346,96.70225905514677,97.43438558796524,22262598.233427007,0.0,1.0
2018-04-05,259.6188573561331,263.0228296660028,256.940740008261,261.8631949408012,12123968.053075243,102.19983057987983,103.49735099734413,100.86249786863077,102.48291738762005,17149041.09106046,0.0,1.0
2018-04-06,254.50914352291542,260.9340857645639,253.23386306056054,257.2632334037477,12936487.353626806,100.3982327487277,103.06421320305844,99.79662774025235,101.24781630511119,18942798.821833696,0.0,1.0
2018-04-09,256.4883442295919,262.19591739625565,255.4937559269589,256.58040483268104,10602890.329794986,101.02032251898407,103.11446631120705,100.27658701541806,101.09043192323401,16001080.368300552,0.04526173379123738,1.0
2018-04-10,261.1477791731152,262.9529482737817,255.4350452971818,259.328039365243,17464183.19388074,103.18035457673345,104.32839983183054,100.70873528701249,102.33589991175111,23781364.38234988,0.0,1.0
2018-04-11,259.4561441971541,262.78876056024444,257.8152045306569,260.5963757947439,14877696.704860032,103.25181924642253,104.97083368291092,102.46025722972568,103.34083583965761,19973656.38661672,0.0,1.0
2018-04-12,261.7169445427926,264.09708400313855,258.9790363356151,261.18454503822613,11530073.409199711,103.6673128104089,104.9354142753976,102.6994142258926,104.17421029285414,16375197.812987827,0.0,1.0
2018-04-13,261.53491410811915,265.4499240605528,259.94820898238055,264.11915911778215,7713977.455718599,103.8079632898593,105.2248617429529,103.22118443526817,104.78274319543672,11653198.227703191,0.0,1.0
2018-04-16,263.5213279101161,265.46397131179964,260.2550734379142,263.7720959478373,8525713.05713394,104.32917381157637,105.54506998889818,102.95699033830148,104.80520332889517,12955328.06889375,0.0,1.0
2018-04-17,272.2820095511096,273.8658352010384,266.49599646552514,268.046406482288,11307136.00811739,107.89512092963984,108.80921333988853,105.79450211305992,106.76920381881129,19213540.98782392,0.0,1.0
2018-04-18,271.5384504498195,273.5532354890043,269.87618062521443,272.29628369237173,8069131.171505879,107.6320259907856,108.78909354894625,106.84987722576352,107.79358854968628,12742961.94349048,0.0,1.0
2018-04-19,273.7565116424513,275.8971495279262,269.329873043445,270.50254550310956,8460121.700905401,107.64648463493548,108.73041808285029,106.31005939515164,107.37840462523194,14425735.113123115,0.0,1.0
2018-04-20,270.3506390307813,275.1683910839356,269.16503793872647,272.77117283940487,8923939.31532938,106.2654387240733,108.37398737847424,105.8476139614835,107.55268142758523,15414430.920699343,0.0,1.0
2018-04-23,268.84572488004113,273.2077437663727,267.20652309392705,271.6733680001917,8693721.481319597,105.40278068661144,107.63444780321954,104.9146656721163,106.8630060520118,17874352.78447289,0.0,1.0
2018-04-24,258.4422707955525,268.10968707195985,255.94713286524603,266.8039353967828,12419307.616401296,102.41500582990206,106.17108688794218,101.45976762013373,105.65649479463588,29691812.53220939,0.0,1.0
2018-04-25,258.5836309399675,261.41373921058,255.21966763816042,259.3934072301449,13783089.039962538,102.41651545330056,103.47403446727316,100.07545206802084,102.48484837667425,22118653.136330523,0.0,1.0
2018-04-26,264.92780729889523,267.436759547123,259.61144550820126,262.80659482024,23575921.3745447,105.85514058830609,107.15868414596086,104.0098940392838,105.34725674651263,32408048.55614528,0.0,1.0
2018-04-27,261.10968985470316,266.53897821081125,258.989856345893,265.22041626478364,13804666.638047665,103.68697509740282,106.17115801669898,102.29339262481982,105.63026342840381,20095290.329794984,0.0,1.0
2018-04-30,259.06374442953364,263.8965885993417,258.20733954648233,261.51510254293714,11497175.626287853,103.60374042009629,105.48858411411567,102.89065503387398,103.92281097374659,17229533.976584453,0.0,1.0
2018-05-01,263.3019762838687,263.9647622021023,256.20714639810393,258.3900780828236,10614935.93308357,104.67974982747288,105.2309799300148,102.1507070821981,103.44686436689447,15945059.94224165,0.0,1.0
2018-05-02,260.9861452494691,265.1110303034819,259.7221976794827,261.9245041184789,11567100.178894792,104.4888595044071,106.08503428878461,103.65963710426504,104.55955634955059,17141660.599750236,0.0,1.0
2018-05-03,260.3643864971459,262.35487247660376,255.49140493287547,260.14303923405134,11100243.66677074,103.88728711916043,105.18097667587172,101.8338941882525,104.15040345884141,17339414.38380685,0.0,1.0
2018-05-04,266.4948807982573,267.11259756865763,258.4362532886955,258.95371735994337,8508999.573941099,106.29045338507085,106.88716442119019,103.20015318164893,103.57817605158834,14512352.169632636,0.0,1.0
2018-05-07,268.6437485613005,270.5066092462043,266.0455666407612,267.3280392928419,8263225.134665418,107.30335085583735,108.30559643072647,106.09086600804044,106.89239242229712,13435714.881569365,0.0,1.0
2018-05-08,268.13674059060077,270.07630632717786,266.0456769578838,269.20148609902554,9792311.896139037,106.96065469795994,107.95642052459668,106.00274986691855,107.28340033859452,14041517.271516288,0.0,1.0
2018-05-09,274.161788951736,275.5214559422339,268.37709747012747,269.6009293099573,10887510.817983141,108.5400325703104,109.36191018017706,106.86588597840996,107.76679164335403,18030146.999687802,0.0,1.0
2018-05-10,277.7338745391589,278.8399192999504,274.45118475410027,275.2621032055518,9096301.18555521,109.70703853668536,110.3735044228335,108.31447171633856,108.99657416811569,14454492.7022583,0.0,1.0
2018-05-11,277.61281398589387,279.33139241358595,275.5059974790938,276.9756790818868,8483491.17494016,109.67890470200733,110.79635148488812,108.69498461953232,109.7082540150584,13066540.410864817,0.0,1.0
2018-05-14,278.0562701556392,280.83487302119056,277.2488157013698,278.19642519147857,7445067.67780206,109.7270982932278,110.90337590347629,109.24823888446245,110.04796793480553,13103419.163908834,0.0,1.0
2018-05-15,273.84156107527474,276.53986468691966,271.9165488178222,275.790334061817,7338854.8798001865,108.73109310143137,109.59505147640951,107.80656477591496,109.04762559128423,12663833.225101465,0.0,1.0
2018-05-16,274.2118160097025,276.28232804130784,272.59162868919367,273.71875737230255,7029119.778020605,108.98121786570492,109.76874205066228,108.04808229583986,108.80547420832316,10882411.905817462,0.0,1.0
2018-05-17,273.5242751935771,276.23077119854076,271.99596498871995,273.8319638033257,7563625.4671662,108.7465373622619,110.16136435269459,108.07616472012676,109.03514170939007,11442397.842023104,0.0,1.0
2018-05-18,271.64797268739966,272.91996458938286,270.0986450319174,270.86876993808744,6431977.270891872,108.64150436799927,109.42562617907137,108.01245659412128,108.57720690826122,11766230.376313874,0.0,1.0
2018-05-21,274.9047590955277,276.9724560501777,272.6363366059712,273.5802622347636,6787809.15173275,109.78597616563928,110.62378996799434,108.56827558536646,109.3801044042021,10638325.760120716,0.0,1.0
2018-05-22,273.1613435049829,277.07228847567575,272.4069767615931,276.0514372059209,6653002.896763451,109.426417994353,110.92813136292399,109.25538026172032,110.30288455440191,10359457.17317099,0.0,1.0
2018-05-23,276.4458247243846,277.0442033975208,270.59432194718016,271.5975939572363,8053741.236549069,111.19493923793331,111.63551341335639,108.26470441836835,108.74367063143104,11798082.562389426,0.0,1.0
2018-05-24,276.16937347300944,277.4757310583182,272.86881986800853,276.26681964824644,7743490.864710168,110.9841528226593,112.171746541623,109.79633222829928,111.1024140314331,10963102.325632222,0.0,1.0
2018-05-25,275.83534295418644,277.60090959395427,275.0329397672378,276.3118992378615,5418744.620772194,111.01243092919539,111.96248422076462,110.59094226354804,111.17471196724634,8763525.618378604,0.0,1.0
2018-05-29,272.83509102559225,276.1877406133025,271.0920907288837,273.9057092115562,7811243.392132377,110.39456260747377,111.8655595898593,109.55139638299869,110.60975992697286,13668163.325736292,0.0,1.0
2018-05-30,274.9399167214706,275.61943798422874,272.01467480342984,274.06225304956007,6507047.0341346655,111.19790997064672,111.76884162611316,110.06300274346287,111.10394355092147,10738323.093662199,0.0,1.0
2018-05-31,278.25990944438274,281.19676152155483,273.89017496872344,275.28724213005364,12195008.435841402,111.52144530327591,112.90343948734544,110.28553050882476,111.31095534229587,23300268.544489536,0.0,1.0
2018-06-01,285.3216339042727,286.0967977549886,280.31867627977033,280.9750411266685,7536957.686231659,113.36023169883268,113.94590425501146,111.80502379292227,112.31931056809809,16334359.60360079,0.003999375585388698,1.0
2018-06-04,288.63695185862707,289.8367646842621,284.6065188536703,285.7755765479163,7459181.006140078,113.84766863414903,114.58289656466374,112.44285781605984,113.44958892889798,13945320.086377352,0.0,1.0
2018-06-05,288.799664897492,291.18879071703617,287.2253679481574,289.1163700503532,7225953.3525861185,114.14057204651034,115.40398251165803,113.44714596843562,114.20373892484096,12525415.64085753,0.0,1.0
2018-06-06,288.84097512360995,290.6847146621195,285.477857313512,289.065491893017,9579413.880008329,114.66540045390326,115.5752437695459,113.10769494655989,114.21448471712618,15217625.846914355,0.0,1.0
2018-06-07,286.04264127380594,289.3060351080469,283.54378204398165,288.19177958164227,9719817.083775623,113.76665979404366,115.38384679179367,112.6195281717559,114.72662915156985,15332100.525965236,0.0028847955042147987,1.0
2018-06-08,285.9396138726349,287.32318559008036,283.0881583278504,284.84410139817703,7121267.089187222,113.9933476796988,114.60544549578054,112.66985930556837,113.35537335898744,11567604.616505358,0.0,1.0
2018-06-11,288.2804902119656,290.3258768131805,285.52634772199184,285.92376316584665,7537546.156832138,115.0179705969922,116.11200053902922,113.96989235019075,114.22913367431781,11549411.491414301,0.0,1.0
2018-06-12,290.430666042252,291.1425678973397,288.24801018714805,288.6922239179609,8573992.67114164,115.93251982983615,116.67193616387497,115.06998528070596,115.46303781472157,12776876.47091269,0.0,1.0
2018-06-13,291.11363619379296,294.6350127784688,288.9061670541563,291.47619625107825,18780058.620564055,117.32238680798768,119.18228070140655,115.43074446605281,116.69767074078925,26343909.623998336,0.01804558226662504,1.0
2018-06-14,296.5890186709903,297.992775569443,292.40269959124925,293.0565740412914,13122603.601415342,120.28127457089205,121.07332422101166,117.81890847407858,118.10323344559316,19091922.172754716,0.0,1.0
2018-06-15,296.6270527165389,298.1570003944691,294.22619689630676,295.99325322337273,16018889.900405873,120.35574108147766,121.54033517537243,119.17765756631228,120.04453198765103,24120247.69018628,0.0,1.0
2018-06-18,300.19078572946853,301.0647059892886,293.53885801343256,294.3416057436211,10516400.655427206,120.52373226637262,121.38351073125112,118.72255168962998,119.3345676456712,16234016.843376001,0.0,1.0
